event_id,team_id,date,assists,blocks,defensiveRebounds,fastBreakPoints,fieldGoalPct,fieldGoalsMade-fieldGoalsAttempted,flagrantFouls,fouls,freeThrowPct,freeThrowsMade-freeThrowsAttempted,largestLead,leadChanges,leadPercentage,offensiveRebounds,pointsInPaint,steals,teamTurnovers,technicalFouls,threePointFieldGoalPct,threePointFieldGoalsMade-threePointFieldGoalsAttempted,totalRebounds,totalTechnicalFouls,totalTurnovers,turnoverPoints,turnovers
401817464,2502,2025-11-05,16,1,22,11,46,27-59,1,30,75,12-16,6,,,8,24,5,2,0,48,13-27,30,0,21,23,21
401817464,24,2025-11-05,9,2,26,15,47,27-57,0,17,81,29-36,15,,,10,38,9,2,0,35,6-17,36,0,17,25,17
401817467,309,2025-11-19,4,0,21,7,49,27-55,0,29,59,10-17,4,,,6,36,3,0,0,22,2-9,27,0,14,11,14
401817467,24,2025-11-19,14,2,27,8,48,27-56,0,16,80,28-35,30,,,11,30,4,1,0,35,11-31,38,0,10,19,10
401817466,147,2025-11-13,8,2,27,4,47,27-58,0,21,54,7-13,6,,,6,38,3,2,0,30,7-23,33,0,16,9,16
401817466,24,2025-11-13,14,5,30,11,45,28-62,0,12,76,16-21,12,,,9,46,6,0,0,26,5-19,39,0,12,18,12
401817465,149,2025-11-08,10,2,31,7,45,23-51,0,12,94,16-17,0,,,5,32,2,0,0,30,6-20,36,0,20,9,20
401817465,24,2025-11-08,13,6,23,17,46,36-79,0,14,60,9-15,27,,,16,48,14,1,0,34,10-29,39,0,5,27,5
401817469,24,2025-11-28,13,3,19,5,37,25-67,0,17,78,14-18,7,,,17,30,10,3,0,26,8-31,36,0,8,27,8
401817469,135,2025-11-28,13,4,19,7,51,23-45,0,19,72,13-18,10,,,6,28,1,0,0,45,9-20,25,0,14,10,14
401817470,2501,2025-12-02,9,5,23,4,51,24-47,0,15,79,19-24,5,1,7,7,28,2,1,0,42,5-12,30,0,18,9,18
401817470,24,2025-12-02,14,2,19,14,52,33-64,0,19,70,14-20,25,1,90,12,38,11,1,0,42,14-33,31,0,8,33,8
401817468,2547,2025-11-22,13,10,29,10,48,25-52,0,18,83,20-24,8,,,6,34,6,0,0,44,7-16,35,0,15,6,15
401817468,24,2025-11-22,10,5,20,8,37,23-63,0,19,64,16-25,13,,,14,32,11,1,0,28,7-25,34,0,12,18,12
401830750,24,2025-11-29,17,4,25,4,38,24-64,0,19,71,17-24,5,,,13,22,4,0,0,48,13-27,38,0,10,14,10
401830750,139,2025-11-29,15,4,30,19,38,23-61,0,20,93,26-28,15,,,13,36,5,1,0,25,5-20,43,0,11,8,11
401817471,2439,2025-12-07,7,4,22,8,48,28-58,0,19,59,16-27,3,9,24,12,48,10,0,0,30,3-10,34,0,14,14,14
401817471,24,2025-12-07,10,5,26,10,38,24-63,0,17,63,17-27,9,9,63,20,28,11,1,0,30,9-30,46,0,16,17,16
401817472,24,2025-12-14,16,2,22,10,61,28-46,0,18,72,21-29,14,0,99,12,38,5,1,0,50,9-18,34,0,20,11,20
401817472,23,2025-12-14,12,2,8,11,45,29-64,0,24,90,18-20,0,0,0,11,44,9,0,0,35,6-17,19,0,8,21,8
401817474,24,2025-12-21,11,2,23,8,40,21-52,0,19,68,28-41,16,8,52,12,26,14,0,0,33,7-21,35,0,9,23,9
401817474,38,2025-12-21,15,0,21,9,47,26-55,0,24,92,12-13,7,8,35,7,40,7,0,0,24,4-17,28,0,18,6,18
401817475,2463,2025-12-28,14,1,25,6,47,24-51,0,24,80,24-30,9,7,45,5,26,6,1,1,47,8-17,30,1,15,16,15
401817475,24,2025-12-28,16,2,25,18,48,25-52,0,21,71,27-38,12,7,50,8,26,9,0,0,41,11-27,33,0,13,21,13
401820635,87,2025-12-31,6,4,32,2,32,18-56,0,16,57,8-14,16,2,77,16,30,2,0,0,19,3-16,48,0,12,4,12
401820635,24,2025-12-31,8,4,26,9,23,13-56,0,15,83,10-12,6,2,14,10,18,6,0,0,13,4-30,36,0,6,11,6
401817473,250,2025-12-18,6,1,19,3,42,18-43,0,24,69,20-29,2,1,3,4,24,4,0,0,29,4-14,23,0,14,10,14
401817473,24,2025-12-18,13,1,25,19,48,23-48,0,21,78,25-32,19,1,93,7,36,7,3,0,33,5-15,32,0,12,18,12
401820655,24,2026-01-08,11,6,21,4,45,26-58,0,21,78,7-9,3,3,9,10,30,7,0,0,36,10-28,31,0,8,11,8
401820655,259,2026-01-08,7,2,22,0,40,21-53,0,13,76,19-25,13,3,90,14,20,4,0,0,35,7-20,36,0,9,6,9
401820643,97,2026-01-03,11,6,21,4,43,26-60,0,23,86,18-21,3,18,21,18,36,4,0,0,22,6-27,39,0,12,12,12
401820643,24,2026-01-03,6,4,17,8,46,25-54,0,19,68,21-31,9,18,73,14,28,7,0,0,47,9-19,31,0,9,12,9
401820664,24,2026-01-10,9,4,21,11,32,18-56,0,15,82,14-17,5,1,9,12,22,7,6,0,19,5-26,33,0,13,14,13
401820664,258,2026-01-10,17,7,25,6,44,25-57,0,16,82,14-17,23,1,89,12,36,3,0,0,27,6-22,37,0,9,16,9
401820695,25,2026-01-25,7,6,32,6,41,24-58,0,22,80,20-25,15,8,57,9,26,3,0,0,40,10-25,41,0,10,8,10
401820695,24,2026-01-25,9,4,27,17,27,18-66,0,18,77,24-31,16,8,39,16,22,7,1,0,19,6-31,43,0,7,18,7
401820672,153,2026-01-15,7,2,25,7,58,32-55,0,17,63,20-32,12,3,95,8,38,4,0,0,38,6-16,33,0,11,17,11
401820672,24,2026-01-15,20,0,21,16,57,32-56,0,21,65,15-23,5,3,4,2,28,6,0,0,57,16-28,23,0,8,13,8
401817218,2934,2025-11-04,10,4,18,16,36,19-53,0,20,63,19-30,0,,,11,26,6,1,0,33,3-9,29,0,17,17,17
401817218,25,2025-11-04,20,4,25,8,54,32-59,0,22,72,18-25,30,,,12,50,5,0,0,22,5-23,37,0,14,22,14
401817220,2239,2025-11-11,15,3,30,10,39,27-69,1,21,45,5-11,0,,,12,38,1,1,0,21,6-29,42,0,14,8,14
401817220,25,2025-11-11,17,4,33,15,41,28-68,0,15,87,26-30,34,,,12,28,6,0,0,37,11-30,45,0,8,21,8
401817219,2750,2025-11-07,8,3,24,4,38,24-64,0,25,56,10-18,4,,,11,22,6,0,0,26,9-34,35,0,8,14,8
401817219,25,2025-11-07,11,2,33,12,42,23-55,0,16,84,26-31,16,,,10,34,3,0,0,24,5-21,43,0,10,3,10
401820681,150,2026-01-17,16,4,24,0,56,28-50,0,18,71,20-28,32,0,99,11,44,12,1,0,40,4-10,35,0,10,22,10
401820681,24,2026-01-17,8,3,16,5,35,19-54,1,18,60,6-10,0,0,0,13,20,4,1,0,24,6-25,29,0,18,6,18
401817221,25,2025-11-14,21,5,17,15,56,35-62,0,20,79,11-14,4,,,9,34,11,1,1,54,15-28,26,1,17,27,17
401817221,2306,2025-11-14,21,5,19,27,64,38-59,0,17,67,14-21,25,,,6,56,9,0,0,50,9-18,25,0,17,22,17
401817224,254,2025-12-03,15,1,22,13,42,25-59,0,19,74,14-19,8,,,10,30,7,1,0,29,8-28,32,0,10,12,10
401817224,25,2025-12-03,12,3,28,10,45,25-55,0,18,92,22-24,9,,,8,28,4,0,0,39,7-18,36,0,10,13,10
401813762,26,2025-11-26,17,5,27,7,41,26-64,0,19,57,13-23,8,,,14,32,2,0,0,32,7-22,41,0,11,11,11
401813762,25,2025-11-26,15,4,28,17,45,26-58,0,23,77,17-22,13,,,7,24,7,0,1,50,11-22,35,1,8,17,8
401817223,16,2025-11-22,10,1,25,7,27,18-67,0,16,80,24-30,4,,,18,20,3,1,1,29,7-24,43,1,11,14,11
401817223,25,2025-11-22,20,7,32,14,51,33-65,0,28,53,10-19,34,,,10,32,7,0,1,39,15-38,42,1,12,8,12
401817225,279,2025-12-06,10,3,24,3,37,23-62,0,18,80,8-10,0,0,0,18,30,3,4,1,30,7-23,42,1,12,2,12
401817225,25,2025-12-06,13,4,22,4,46,23-50,0,10,57,13-23,14,0,99,9,24,2,0,1,38,8-21,31,1,9,10,9
401817222,2506,2025-11-19,14,4,18,6,38,21-56,0,15,67,8-12,5,,,16,24,4,1,0,35,7-20,34,0,11,10,11
401817222,25,2025-11-19,11,5,19,2,51,26-51,0,9,56,9-16,11,,,11,30,2,2,0,35,6-17,30,0,11,11,11
401820295,2957,2025-12-10,18,4,27,5,47,25-53,0,20,73,11-15,10,6,31,7,18,4,0,0,42,10-24,34,0,19,6,19
401820295,25,2025-12-10,8,3,22,6,41,29-71,0,14,90,27-30,22,6,62,17,36,11,0,2,30,8-27,39,2,5,35,5
401817226,2466,2025-12-13,13,1,22,9,45,23-51,0,19,87,13-15,6,14,38,5,22,6,3,0,46,11-24,27,0,14,14,14
401817226,25,2025-12-13,17,4,24,8,45,25-55,0,15,81,17-21,10,14,50,10,26,8,1,0,46,12-26,34,0,12,18,12
401813282,2415,2025-12-20,11,3,18,0,36,19-53,0,16,58,11-19,0,0,0,6,24,3,1,1,6,1-17,24,1,14,6,14
401813282,25,2025-12-20,19,4,31,21,59,32-54,0,17,96,22-23,48,0,96,5,42,12,0,2,55,11-20,36,2,9,16,9
401820642,87,2026-01-03,14,1,32,10,40,22-55,0,15,62,16-26,12,5,62,12,18,0,0,0,35,11-31,44,0,7,0,7
401820642,25,2026-01-03,13,1,25,13,41,26-64,0,21,75,9-12,7,5,34,9,24,4,0,0,28,11-39,34,0,3,11,3
401817227,171,2025-12-21,12,2,26,4,42,23-55,0,19,50,6-12,0,0,0,8,34,5,0,0,24,4-17,34,0,15,7,15
401817227,25,2025-12-21,14,6,26,11,42,24-57,0,13,79,19-24,21,0,96,8,30,7,0,0,33,7-21,34,0,6,15,6
401820665,25,2026-01-10,13,2,19,0,45,25-56,0,28,90,19-21,11,4,61,12,30,6,1,0,30,6-20,31,0,13,10,13
401820665,259,2026-01-10,10,2,17,7,43,23-53,0,18,87,27-31,6,4,25,11,34,4,0,0,22,5-23,28,0,10,23,10
401820634,97,2025-12-31,19,5,35,5,46,32-69,0,25,86,12-14,26,0,99,15,36,4,0,1,38,14-37,50,1,10,11,10
401820634,25,2025-12-31,14,4,23,12,34,20-59,0,16,78,21-27,0,0,0,8,16,6,2,0,35,9-26,31,0,8,11,8
401820675,153,2026-01-17,16,4,24,10,46,26-56,0,15,61,17-28,0,0,0,10,32,10,0,0,33,9-27,34,0,11,18,11
401820675,25,2026-01-17,20,1,26,8,50,29-58,0,20,75,12-16,20,0,98,8,18,6,1,0,54,14-26,34,0,13,16,13
401820654,25,2026-01-08,12,3,20,4,35,19-54,0,20,86,19-22,2,6,3,6,22,8,0,0,16,3-19,26,0,9,7,9
401820654,258,2026-01-08,23,9,32,12,50,30-60,0,21,65,15-23,27,6,93,13,34,5,0,0,31,9-29,45,0,11,17,11
401826706,2011,2025-11-08,11,1,22,8,35,23-65,0,15,58,11-19,0,,,13,24,8,0,0,30,7-23,35,0,17,14,17
401826706,52,2025-11-08,22,3,32,16,47,35-74,0,17,93,13-14,37,,,17,30,10,0,0,38,18-47,49,0,15,31,15
401826705,2016,2025-11-05,11,4,24,10,51,26-51,0,17,59,16-27,3,,,9,26,5,0,0,50,8-16,33,0,21,10,21
401826705,52,2025-11-05,24,5,22,12,56,39-70,0,23,68,17-25,34,,,14,50,10,0,0,43,13-30,36,0,8,27,8
401826708,2630,2025-11-19,17,6,30,10,44,23-52,0,21,76,16-21,5,,,11,24,4,0,0,41,11-27,41,0,26,4,26
401826708,52,2025-11-19,21,4,19,19,43,31-72,0,20,57,13-23,17,,,15,36,19,0,1,34,12-35,34,1,6,33,6
401826707,52,2025-11-12,7,3,28,11,34,23-68,0,25,84,21-25,5,,,8,28,9,0,0,26,9-34,36,0,10,12,10
401826707,57,2025-11-12,15,8,41,22,39,25-64,0,19,69,22-32,9,,,17,36,6,2,0,19,6-31,58,0,18,11,18
401806369,61,2025-12-03,20,9,33,21,57,40-70,0,15,76,16-21,40,,,15,56,8,0,0,37,11-30,48,0,14,18,14
401806369,52,2025-12-03,9,6,14,4,39,28-71,0,18,50,9-18,3,,,13,38,8,0,0,27,8-30,27,0,11,12,11
401824813,52,2025-12-07,10,3,21,5,39,22-57,0,14,72,13-18,0,0,0,16,24,5,0,0,31,10-32,37,0,19,19,19
401824813,248,2025-12-07,23,3,23,17,49,32-65,0,16,78,7-9,18,0,98,12,34,15,0,0,38,11-29,35,0,13,18,13
401826709,290,2025-11-21,11,2,30,8,33,21-63,0,24,88,21-24,0,,,9,20,5,0,0,27,9-33,39,0,17,11,17
401826709,52,2025-11-21,23,4,34,18,44,31-71,0,19,66,19-29,38,,,12,28,11,1,0,35,17-49,46,0,11,15,11
401823735,2934,2025-11-26,11,2,24,8,39,21-54,0,22,62,16-26,4,,,13,34,8,0,0,10,1-10,37,0,28,11,28
401823735,52,2025-11-26,16,7,23,14,45,29-65,0,23,79,23-29,35,,,15,42,13,0,1,25,8-32,38,1,17,40,17
401826710,245,2025-11-28,20,0,38,20,44,30-68,0,18,80,20-25,38,,,22,28,13,2,1,44,15-34,60,1,16,21,16
401826710,52,2025-11-28,13,5,20,11,29,21-73,0,18,47,8-17,0,,,20,24,11,1,0,22,9-41,40,0,16,7,16
401826712,2400,2025-12-20,10,2,22,7,36,17-47,0,20,55,12-22,0,0,0,9,22,8,0,1,17,3-18,31,1,25,4,25
401826712,52,2025-12-20,20,4,25,16,46,32-69,0,21,79,19-24,49,0,97,15,38,14,0,1,32,13-40,40,1,10,31,10
401813443,52,2025-12-17,7,2,23,7,36,21-58,1,31,70,19-27,1,2,1,14,24,7,1,3,30,8-27,37,3,20,9,20
401813443,2168,2025-12-17,15,6,29,20,49,25-51,0,18,85,40-47,28,2,98,6,34,11,1,1,30,7-23,35,1,12,22,12
401820666,150,2026-01-15,16,5,28,8,45,28-62,0,17,47,8-17,19,3,57,16,42,6,0,0,22,7-32,44,0,10,20,10
401820666,25,2026-01-15,9,1,24,2,37,19-52,0,22,76,13-17,6,3,37,6,16,8,1,0,22,5-23,30,0,11,12,11
401826711,113,2025-12-13,23,1,25,8,54,38-71,0,20,71,15-21,18,6,77,12,48,8,1,0,55,12-22,37,0,14,18,14
401826711,52,2025-12-13,19,4,24,8,44,32-72,0,20,83,19-23,6,6,18,15,40,7,0,1,29,12-41,39,1,12,12,12
401820639,52,2025-12-31,13,2,25,4,35,23-66,0,16,57,8-14,4,3,13,12,20,5,0,0,30,12-40,37,0,9,1,9
401820639,153,2025-12-31,18,3,31,20,43,29-68,0,14,70,14-20,16,3,86,16,42,5,0,0,24,7-29,47,0,8,11,8
401820658,152,2026-01-10,20,7,33,13,55,38-69,0,23,78,18-23,45,0,99,11,30,11,0,1,54,19-35,44,1,9,23,9
401820658,52,2026-01-10,7,2,19,10,39,22-56,0,22,69,20-29,0,0,0,6,30,5,0,0,22,5-23,25,0,13,7,13
401820677,154,2026-01-17,8,2,19,16,41,26-63,0,16,75,9-12,4,11,16,9,32,10,0,0,24,8-34,28,0,5,18,5
401820677,52,2026-01-17,10,2,28,5,38,22-58,0,13,89,17-19,9,11,70,16,28,2,0,0,23,7-31,44,0,16,8,16
401823350,294,2025-12-23,11,4,19,0,40,24-60,0,22,71,10-14,0,0,0,9,26,6,0,0,16,5-31,28,0,7,4,7
401823350,52,2025-12-23,19,1,28,13,46,28-61,0,17,77,20-26,32,0,97,16,28,3,0,2,33,11-33,44,2,8,7,8
401820686,52,2026-01-21,13,7,26,10,45,24-53,0,15,73,11-15,5,8,46,4,32,12,2,0,35,6-17,30,0,13,12,13
401820686,2390,2026-01-21,15,4,26,11,42,24-57,0,13,73,11-15,6,8,40,9,36,7,0,0,25,4-16,35,0,14,11,14
401820644,150,2026-01-03,23,7,21,10,53,28-53,0,17,92,23-25,9,7,43,10,28,8,0,0,44,12-27,31,0,15,16,15
401820644,52,2026-01-03,17,5,15,13,53,31-58,0,22,69,11-16,7,7,49,9,30,10,0,0,47,14-30,24,0,13,17,13
401820296,2379,2025-11-04,14,4,31,0,36,20-56,0,20,55,6-11,9,,,10,20,4,1,0,26,6-23,41,0,19,13,19
401820296,59,2025-11-04,12,7,28,7,35,21-60,0,16,50,9-18,7,,,12,26,13,0,0,19,5-26,40,0,13,18,13
401820673,52,2026-01-14,12,2,18,9,45,28-62,0,16,74,20-27,8,7,44,15,36,8,0,0,37,10-27,33,0,14,14,14
401820673,183,2026-01-14,22,7,23,24,60,37-62,0,17,60,9-15,10,7,51,11,46,9,1,1,41,11-27,34,1,14,25,14
401820694,52,2026-01-24,16,4,25,11,42,30-71,0,19,67,10-15,3,12,12,18,38,6,0,0,31,10-32,43,0,8,11,8
401820694,2567,2026-01-24,17,4,25,4,44,28-63,0,15,74,17-23,14,12,72,13,28,6,0,0,33,10-30,38,0,7,10,7
401820614,2803,2025-11-08,11,5,28,5,25,15-60,0,17,69,11-16,0,,,9,18,6,0,0,11,4-38,37,0,16,4,16
401820614,59,2025-11-08,19,4,36,9,46,29-63,0,17,60,6-10,36,,,7,38,13,1,0,43,10-23,43,0,13,15,13
401808950,2545,2025-11-11,11,2,21,8,33,20-60,0,19,80,12-15,11,,,9,20,12,4,0,32,8-25,30,0,20,10,20
401808950,59,2025-11-11,13,5,30,8,45,23-51,0,15,73,19-26,14,,,9,34,6,2,1,33,5-15,39,1,20,23,20
401826714,290,2025-11-19,11,3,22,4,34,23-67,0,23,53,8-15,11,,,15,22,13,0,0,32,12-37,37,0,14,11,14
401826714,59,2025-11-19,15,4,31,8,39,22-56,0,14,67,20-30,9,,,15,34,9,2,0,18,4-22,46,0,22,10,22
401825386,2698,2025-11-23,11,2,20,15,39,25-64,0,13,53,9-17,6,,,8,20,9,0,0,28,7-25,28,0,9,13,9
401825386,59,2025-11-23,20,5,36,10,54,33-61,1,15,58,11-19,18,,,12,52,5,0,0,29,5-17,48,0,13,8,13
401826713,59,2025-11-15,18,8,25,6,41,30-73,1,28,61,17-28,8,,,18,36,7,1,0,45,10-22,43,0,15,13,15
401826713,61,2025-11-15,14,8,31,30,40,27-67,0,24,73,32-44,12,,,18,40,7,1,1,21,6-29,49,1,14,21,14
401825573,59,2025-11-29,14,3,22,3,38,24-63,0,16,79,11-14,9,,,13,38,7,1,0,11,2-18,35,0,11,11,11
401825573,305,2025-11-29,12,4,27,19,48,27-56,0,14,82,14-17,16,,,8,36,6,0,0,32,7-22,35,0,10,10,10
401830884,59,2025-11-29,20,2,22,4,48,29-61,0,20,39,7-18,3,,,10,36,5,1,0,41,9-22,32,0,6,2,6
401830884,2181,2025-11-29,17,3,27,9,51,28-55,0,15,74,20-27,14,,,9,36,2,0,0,42,8-19,36,0,6,2,6
401824865,2405,2025-12-06,17,3,20,15,34,25-73,0,20,67,10-15,3,22,18,16,28,8,2,0,32,7-22,36,0,6,13,6
401824865,59,2025-12-06,16,6,32,11,48,26-54,0,15,81,21-26,15,22,70,10,36,2,2,0,40,6-15,42,0,15,9,15
401813326,2368,2025-12-17,21,2,14,18,45,28-62,0,14,50,7-14,4,8,19,12,18,9,0,0,48,13-27,26,0,10,20,10
401813326,59,2025-12-17,21,1,25,7,58,33-57,0,16,76,13-17,23,8,73,10,40,6,2,0,73,8-11,35,0,15,17,15
401820653,183,2026-01-07,15,7,30,10,43,26-61,0,19,74,23-31,20,4,85,14,38,5,0,0,37,7-19,44,0,15,12,15
401820653,59,2026-01-07,16,5,23,15,39,25-64,0,28,69,18-26,4,4,6,11,36,8,0,0,22,4-18,34,0,9,11,9
401820636,59,2025-12-31,18,4,23,9,54,29-54,0,25,85,11-13,7,9,45,5,26,8,1,0,56,10-18,28,0,17,18,17
401820636,150,2025-12-31,10,2,21,7,41,26-64,0,15,69,24-35,7,9,41,21,32,11,0,0,28,9-32,42,0,12,17,12
401820645,103,2026-01-03,6,4,20,0,27,18-66,0,20,65,13-20,5,3,26,14,24,5,1,0,14,4-29,34,0,10,6,10
401820645,59,2026-01-03,13,3,38,23,40,21-53,0,17,69,20-29,13,3,64,11,34,6,1,0,23,3-13,49,0,14,11,14
401820660,59,2026-01-10,18,5,24,8,46,26-57,0,23,85,23-27,0,0,0,8,28,4,1,0,43,6-14,32,0,14,16,14
401820660,2390,2026-01-10,20,2,23,10,52,30-58,0,23,66,21-32,15,0,99,8,34,11,1,0,40,10-25,31,0,8,18,8
401826756,50,2025-12-28,16,5,14,7,35,25-71,0,17,38,6-16,0,0,0,15,22,13,0,0,28,9-32,29,0,11,18,11
401826756,59,2025-12-28,23,6,35,14,61,33-54,0,16,77,17-22,34,0,99,11,50,8,0,1,55,6-11,46,1,20,15,20
401820668,221,2026-01-15,19,4,23,21,53,34-64,0,18,83,10-12,26,1,95,11,38,12,0,0,42,11-26,34,0,9,17,9
401820668,59,2026-01-15,16,3,21,11,40,24-60,0,10,67,10-15,2,1,2,14,28,3,0,0,40,8-20,35,0,15,12,15
401806377,344,2025-12-04,13,9,38,9,51,31-61,0,13,77,17-22,17,1,84,9,42,3,0,0,27,6-22,47,0,13,5,13
401806377,59,2025-12-04,16,3,25,5,34,26-77,0,17,65,13-20,7,1,8,17,26,7,0,0,27,8-30,42,0,5,13,5
401826755,322,2025-12-20,17,0,20,2,44,27-61,0,22,76,16-21,2,4,2,8,26,7,1,0,32,11-34,28,0,8,14,8
401826755,59,2025-12-20,21,3,27,11,50,30-60,0,16,87,26-30,14,4,90,12,38,5,1,0,56,9-16,39,0,9,13,9
401820678,59,2026-01-17,11,2,35,13,52,27-52,0,18,50,14-28,8,5,54,8,28,5,1,0,45,10-22,43,0,17,9,17
401820678,152,2026-01-17,18,6,25,14,37,23-62,0,19,64,16-25,8,5,39,9,22,13,0,0,36,12-33,34,0,9,20,9
401820690,228,2026-01-24,14,6,28,7,46,28-61,0,16,77,10-13,16,11,75,9,30,5,2,0,39,11-28,37,0,10,12,10
401820690,59,2026-01-24,14,6,23,7,37,21-57,0,15,71,12-17,5,11,15,9,20,4,0,0,43,9-21,32,0,9,10,9
401817434,87,2025-11-16,8,1,29,3,47,24-51,0,21,60,12-20,11,,,7,38,6,0,0,30,3-10,36,0,13,15,13
401817434,194,2025-11-16,12,4,24,0,38,19-50,0,16,83,19-23,6,,,4,18,6,1,0,30,7-23,28,0,10,19,10
401817132,2174,2025-11-08,15,3,25,13,42,28-67,0,21,50,5-10,3,,,8,24,5,1,0,30,9-30,33,0,13,10,13
401817132,87,2025-11-08,19,2,33,20,52,36-69,0,15,73,16-22,36,,,11,44,8,1,0,44,14-32,44,0,7,20,7
401812350,112358,2025-11-04,12,3,17,12,38,21-55,0,22,61,19-31,0,,,14,24,10,1,0,33,6-18,31,0,15,14,15
401812350,87,2025-11-04,15,1,28,9,49,27-55,0,24,70,21-30,22,,,17,26,7,2,0,52,14-27,45,0,19,21,19
401817433,2197,2025-11-12,8,1,15,3,39,21-54,0,17,83,10-12,2,,,9,18,2,3,0,29,6-21,24,0,11,9,11
401817433,87,2025-11-12,13,1,23,7,48,29-60,0,15,73,11-15,23,,,17,38,4,0,0,32,9-28,40,0,10,21,10
401817437,164,2025-11-25,12,4,17,6,39,20-51,0,14,71,12-17,3,,,11,16,5,1,0,41,11-27,28,0,14,14,14
401817437,87,2025-11-25,11,2,24,9,49,27-55,0,14,67,6-9,19,,,13,36,6,2,0,44,8-18,37,0,16,16,16
401831217,87,2025-11-26,10,1,25,4,34,17-50,0,19,76,16-21,0,,,9,20,2,0,0,21,6-28,34,0,8,9,8
401831217,248,2025-11-26,15,3,28,2,34,20-59,0,17,78,18-23,22,,,16,20,4,0,0,30,8-27,44,0,5,12,5
401817438,70,2025-12-11,13,2,20,8,40,23-58,0,12,90,9-10,2,5,4,7,22,3,0,0,42,10-24,27,0,6,8,6
401817438,87,2025-12-11,15,5,28,3,52,32-61,0,8,70,7-10,15,5,84,11,46,2,1,0,64,9-14,39,0,9,6,9
401817439,339,2025-12-13,13,5,24,7,40,21-53,0,21,62,8-13,2,2,1,8,20,6,0,2,33,8-24,32,2,13,16,13
401817439,87,2025-12-13,9,0,28,3,47,28-59,0,17,71,12-17,25,2,96,10,20,9,0,1,56,14-25,38,1,12,13,12
401806368,142,2025-12-03,12,1,22,22,44,24-54,0,19,68,17-25,12,,,9,34,10,1,1,29,6-21,31,1,12,23,12
401806368,87,2025-12-03,16,2,26,15,46,25-54,0,20,83,15-18,7,,,7,24,4,1,0,33,11-33,33,0,13,9,13
401817436,87,2025-11-24,6,4,24,10,34,22-64,1,13,87,13-15,4,,,10,34,7,0,0,17,4-24,34,0,5,12,5
401817436,2305,2025-11-24,16,8,34,6,47,28-60,0,11,69,9-13,13,,,10,38,2,0,0,30,6-20,44,0,9,9,9
401812254,87,2025-12-06,27,2,28,3,55,33-60,0,20,45,9-20,4,13,27,8,26,2,1,1,46,12-26,36,1,14,11,14
401812254,2628,2025-12-06,20,1,23,17,48,29-60,1,18,65,15-23,11,13,56,5,32,6,0,1,41,12-29,28,1,8,20,8
401817435,91,2025-11-20,7,0,15,10,54,25-46,0,22,81,22-27,5,,,2,24,8,0,0,32,7-22,17,0,13,17,13
401817435,87,2025-11-20,10,1,22,13,57,28-49,0,23,72,23-32,22,,,9,36,3,1,0,37,7-19,31,0,14,15,14
401817440,2870,2025-12-21,7,1,23,8,41,24-59,0,17,76,13-17,11,3,89,5,24,7,1,1,31,11-35,28,1,8,15,8
401817440,87,2025-12-21,11,3,29,21,40,24-60,0,18,82,14-17,4,3,6,14,34,5,1,1,26,7-27,43,1,15,6,15
401820682,87,2026-01-17,11,2,17,2,44,27-61,1,20,76,16-21,2,2,3,13,36,5,1,0,25,6-24,30,0,13,15,13
401820682,259,2026-01-17,12,2,23,6,51,27-53,0,17,88,28-32,20,2,95,9,36,6,0,0,35,7-20,32,0,12,20,12
401817240,2296,2025-11-07,10,4,22,5,40,25-63,0,22,56,9-16,2,,,7,26,6,0,0,41,11-27,29,0,12,7,12
401817240,97,2025-11-07,24,1,34,12,52,35-67,0,18,74,26-35,40,,,15,50,11,0,0,30,10-33,49,0,10,15,10
401820662,228,2026-01-10,11,1,23,10,47,27-58,0,15,83,15-18,16,4,90,8,34,7,2,0,27,7-26,31,0,6,18,6
401820662,87,2026-01-10,7,3,23,3,43,20-47,0,16,67,12-18,4,4,7,6,18,2,0,0,43,9-21,29,0,14,11,14
401817239,2569,2025-11-04,5,5,21,0,23,13-57,0,25,77,17-22,0,,,12,18,6,0,0,11,2-19,33,0,25,12,25
401817239,97,2025-11-04,23,4,35,10,53,33-62,0,21,79,26-33,67,,,12,42,12,1,0,38,12-32,47,0,17,36,17
401820670,2390,2026-01-14,10,1,20,13,50,29-58,0,17,81,17-21,13,3,80,8,40,13,0,1,27,6-22,28,1,8,19,8
401820670,87,2026-01-14,7,3,23,2,47,25-53,0,20,67,12-18,6,3,9,12,28,4,0,1,30,7-23,35,1,18,6,18
401820692,103,2026-01-24,14,3,25,10,40,23-58,0,19,64,9-14,13,3,71,10,22,2,0,1,28,9-32,35,1,9,10,9
401820692,87,2026-01-24,10,3,26,8,41,24-59,0,16,64,14-22,7,3,23,13,26,4,0,0,23,6-26,39,0,8,10,8
401817242,195,2025-11-15,12,3,22,2,44,26-59,0,20,77,20-26,0,,,12,28,9,2,1,35,9-26,34,1,17,18,17
401817242,97,2025-11-15,23,3,24,4,50,34-68,0,25,73,22-30,26,,,17,36,11,0,0,46,16-35,41,0,11,27,11
401817243,97,2025-11-21,13,4,30,12,38,21-56,0,23,86,24-28,11,,,11,24,9,0,0,29,8-28,41,0,13,17,13
401817243,2132,2025-11-21,19,7,27,12,37,23-62,0,19,63,10-16,11,,,11,28,5,0,0,28,8-29,38,0,13,7,13
401817245,2885,2025-11-27,6,2,18,0,31,18-58,0,13,57,4-7,0,,,3,22,3,0,0,26,7-27,21,0,11,4,11
401817245,97,2025-11-27,24,2,39,5,49,36-73,0,11,86,12-14,57,,,20,32,6,0,0,42,20-48,59,0,9,15,9
401817241,96,2025-11-12,14,3,29,6,47,32-68,0,21,75,12-16,3,,,13,40,4,0,0,35,12-34,42,0,14,10,14
401817241,97,2025-11-12,20,3,27,4,45,31-69,0,19,68,21-31,20,,,13,36,11,0,0,32,13-40,40,0,6,19,6
401820687,87,2026-01-22,13,0,21,2,36,27-75,0,16,54,7-13,0,0,0,18,30,5,0,0,32,8-25,39,0,5,2,5
401820687,153,2026-01-22,18,5,34,13,51,31-61,0,17,70,16-23,29,0,97,10,32,3,0,0,38,13-34,44,0,8,7,8
401817247,235,2025-12-13,8,2,17,6,41,28-68,0,20,70,14-20,2,3,5,16,40,8,2,1,27,3-11,33,1,11,13,11
401817247,97,2025-12-13,24,3,26,7,56,30-54,0,19,84,21-25,30,3,92,8,24,4,0,0,51,18-35,34,0,13,16,13
401817246,84,2025-12-06,14,1,24,7,41,26-63,0,21,79,15-19,0,0,0,10,28,4,1,0,32,11-34,34,0,13,17,13
401817246,97,2025-12-06,15,5,27,15,46,25-54,0,19,86,24-28,19,0,99,7,24,9,0,0,42,13-31,34,0,13,11,13
401820650,150,2026-01-07,10,2,31,2,51,29-57,0,17,68,19-28,14,3,33,8,40,11,0,1,30,7-23,39,1,12,16,12
401820650,97,2026-01-07,13,1,27,2,40,26-65,0,20,75,9-12,12,3,64,10,26,7,0,1,32,12-38,37,1,14,6,14
401806374,97,2025-12-04,13,3,24,8,41,29-70,0,25,78,14-18,0,0,0,12,42,2,0,1,22,8-37,36,1,9,7,9
401806374,8,2025-12-04,14,3,28,8,42,28-67,0,15,77,27-35,20,0,99,18,34,5,1,1,33,6-18,46,1,10,14,10
401820659,103,2026-01-10,13,1,24,7,37,23-63,0,19,44,7-16,10,3,65,7,18,6,2,0,32,9-28,31,0,6,11,6
401820659,97,2026-01-10,13,4,36,4,49,25-51,0,15,76,19-25,15,3,25,6,38,3,0,0,29,6-21,42,0,13,9,13
401820669,258,2026-01-14,15,9,30,0,40,21-53,0,22,79,23-29,15,0,97,14,12,4,0,0,41,14-34,44,0,13,8,13
401820669,97,2026-01-14,13,2,19,0,36,24-67,1,21,67,12-18,0,0,0,17,26,8,0,0,26,10-38,36,0,8,19,8
401817249,149,2025-12-20,7,4,21,2,32,17-53,0,19,87,13-15,0,0,0,4,20,9,0,0,29,7-24,25,0,19,15,19
401817249,97,2025-12-20,24,2,34,9,52,34-65,0,15,74,14-19,40,0,97,14,44,13,0,0,35,12-34,48,0,14,17,14
401820679,97,2026-01-18,24,2,29,10,63,36-57,0,16,87,13-15,45,0,99,6,38,6,0,0,52,15-29,35,0,8,14,8
401820679,221,2026-01-18,13,2,16,6,38,21-55,0,14,63,10-16,0,0,0,8,24,5,1,0,29,7-24,24,0,10,7,10
401817248,97,2025-12-17,8,1,18,4,38,22-58,0,20,61,11-18,2,2,2,12,30,5,3,0,21,7-34,30,0,16,9,16
401817248,2633,2025-12-17,19,5,25,16,55,29-53,0,20,64,18-28,25,2,94,10,42,8,1,0,39,7-18,35,0,11,21,11
401817244,2199,2025-11-25,5,0,25,0,28,16-57,0,21,71,12-17,2,,,11,24,6,0,0,13,2-15,36,0,13,5,13
401817244,97,2025-11-25,18,10,33,4,48,30-62,0,17,68,13-19,41,,,12,30,6,0,1,42,14-33,45,1,8,20,8
401820691,259,2026-01-24,16,7,22,2,40,25-62,0,18,63,5-8,2,2,3,9,14,5,1,0,53,16-30,31,0,13,15,13
401820691,97,2026-01-24,17,2,29,4,47,31-66,0,14,77,10-13,20,2,92,15,36,8,0,0,39,13-33,44,0,15,9,15
401820698,97,2026-01-27,11,3,17,13,30,16-54,0,17,69,9-13,1,2,2,9,10,6,0,0,32,11-34,26,0,12,7,12
401820698,150,2026-01-27,14,1,32,4,51,31-61,0,12,72,13-18,31,2,96,15,42,7,2,0,35,8-23,47,0,12,12,12
401817212,2643,2025-11-07,9,2,28,7,30,16-53,0,22,50,10-20,9,,,8,22,3,2,0,19,5-26,36,0,12,4,12
401817212,103,2025-11-07,10,4,33,7,44,27-62,0,16,61,17-28,29,,,14,36,6,0,0,18,5-28,47,0,4,14,4
401817211,103,2025-11-04,12,5,38,3,42,28-67,0,19,50,12-24,9,,,14,32,8,1,0,36,10-28,52,0,14,7,14
401817211,2226,2025-11-04,15,10,29,20,43,29-67,0,17,52,13-25,10,,,9,32,9,0,0,52,12-23,38,0,12,13,12
401812644,2115,2025-11-12,12,5,29,6,38,23-60,0,12,60,6-10,2,,,12,20,8,2,0,36,8-22,41,0,12,5,12
401812644,103,2025-11-12,12,6,25,6,33,22-67,0,13,89,8-9,11,,,15,24,7,0,0,21,7-34,40,0,10,7,10
401809311,2166,2025-11-21,7,3,20,2,44,21-48,0,14,71,12-17,12,,,5,28,7,0,0,25,5-20,25,0,7,15,7
401809311,103,2025-11-21,9,3,24,2,39,19-49,0,16,57,8-14,5,,,12,28,3,0,0,14,3-21,36,0,14,7,14
401831228,2655,2025-11-23,9,2,30,8,52,31-60,0,26,72,26-36,10,,,7,48,5,1,0,29,5-17,37,0,8,17,8
401831228,103,2025-11-23,11,4,26,9,41,26-63,0,25,78,28-36,6,,,11,28,3,0,0,37,10-27,37,0,10,10,10
401817213,103,2025-11-15,16,13,30,10,44,29-66,0,20,63,10-16,13,,,13,38,4,0,0,30,8-27,43,0,8,11,8
401817213,218,2025-11-15,13,6,27,9,34,23-67,0,15,74,20-27,2,,,16,36,5,0,0,23,5-22,43,0,5,8,5
401817214,2261,2025-11-19,4,3,24,0,35,21-60,0,18,43,6-14,0,,,15,30,6,1,0,17,4-23,39,0,14,4,14
401817214,103,2025-11-19,11,3,27,10,39,22-56,0,12,74,14-19,22,,,11,28,5,0,0,19,5-27,38,0,10,10,10
401806378,99,2025-12-04,10,4,31,7,40,29-72,0,17,85,17-20,14,0,76,15,42,4,0,0,16,3-19,46,0,10,19,10
401806378,103,2025-12-04,10,5,29,7,37,23-62,1,20,67,14-21,5,0,13,11,22,3,0,0,38,9-24,40,0,14,14,14
401812606,108,2025-11-26,11,1,26,8,42,25-60,0,11,83,5-6,2,,,7,24,5,2,0,26,5-19,33,0,10,10,10
401812606,103,2025-11-26,14,6,27,3,44,26-59,0,10,90,9-10,20,,,7,24,2,0,0,40,12-30,34,0,7,13,7
401817216,113,2025-12-11,16,5,26,11,45,28-62,0,25,54,13-24,14,5,69,17,34,5,1,0,44,7-16,43,0,15,3,15
401817216,103,2025-12-11,12,7,22,15,38,22-58,1,19,77,27-35,7,5,20,14,38,8,0,2,13,3-23,36,2,9,22,9
401812313,161,2025-12-23,16,2,23,4,35,22-63,0,21,70,7-10,14,7,59,13,20,1,1,1,28,10-36,36,1,6,3,6
401812313,103,2025-12-23,10,4,28,5,44,24-55,0,11,56,14-25,11,7,32,14,24,2,0,1,33,10-30,42,1,7,5,7
401820651,152,2026-01-07,18,3,15,3,48,30-62,0,16,50,6-12,13,3,93,12,24,11,0,1,59,13-22,27,1,4,16,4
401820651,103,2026-01-07,11,3,23,6,51,23-45,0,12,73,16-22,2,3,3,10,26,2,2,0,50,9-18,33,0,16,2,16
401817217,2330,2025-12-28,11,6,31,6,37,23-63,0,20,58,11-19,4,6,15,12,32,7,1,0,28,7-25,43,0,15,7,15
401817217,103,2025-12-28,16,6,30,9,40,24-60,0,16,65,15-23,9,6,72,11,26,8,0,0,39,9-23,41,0,11,15,11
401820667,103,2026-01-14,9,8,24,5,43,20-47,0,19,38,5-13,4,5,17,6,24,7,0,0,33,5-15,30,0,19,3,19
401820667,228,2026-01-14,12,4,25,3,46,25-54,0,15,70,16-23,25,5,77,10,30,9,0,0,42,8-19,35,0,10,24,10
401820674,183,2026-01-17,10,4,31,6,44,26-59,0,20,64,14-22,9,7,75,9,36,4,1,0,39,7-18,40,0,18,8,18
401820674,103,2026-01-17,13,5,28,10,41,26-63,0,20,72,21-29,8,7,13,10,32,11,1,0,40,8-20,38,0,8,22,8
401817215,2441,2025-12-06,9,2,22,4,39,19-49,0,19,83,20-24,13,1,73,9,24,9,1,0,23,5-22,31,0,10,13,10
401817215,103,2025-12-06,6,4,23,12,42,20-48,0,17,74,17-23,6,1,21,11,12,3,0,0,40,10-25,34,0,15,10,15
401817228,251,2025-11-05,6,2,23,6,32,19-59,1,25,74,17-23,4,,,18,26,4,0,0,29,5-17,41,0,16,8,16
401817228,150,2025-11-05,15,2,26,11,42,22-52,0,21,73,22-30,17,,,11,24,8,0,0,39,9-23,37,0,10,8,10
401817230,150,2025-11-12,25,5,35,31,57,37-65,0,15,83,24-29,55,,,13,42,8,0,0,43,16-37,48,0,10,26,10
401817230,349,2025-11-12,13,0,17,6,31,21-68,0,22,71,5-7,0,,,10,18,6,3,0,24,12-49,27,0,17,19,17
401820684,221,2026-01-22,13,3,26,8,38,24-63,1,15,41,7-17,6,6,32,15,34,6,0,0,32,7-22,41,0,7,7,7
401820684,103,2026-01-22,13,4,30,0,45,25-55,0,17,62,8-13,8,6,54,6,28,4,1,0,32,7-22,36,0,9,10,9
401817229,2717,2025-11-08,9,1,27,8,31,22-72,0,23,55,6-11,4,,,15,28,8,1,0,15,4-26,42,0,14,7,14
401817229,150,2025-11-08,21,4,38,20,47,30-64,0,16,76,25-33,41,,,13,40,7,0,0,31,10-32,51,0,10,21,10
401817232,2305,2025-11-19,15,4,22,13,43,26-60,0,22,71,10-14,6,,,8,40,5,1,0,19,4-21,30,0,8,12,8
401817232,150,2025-11-19,17,1,28,9,47,27-58,0,15,65,17-26,12,,,13,38,2,0,0,27,7-26,41,0,8,12,8
401817233,47,2025-11-23,12,2,18,1,30,17-56,0,20,71,15-21,0,,,8,14,6,0,0,33,7-21,26,0,12,12,12
401817233,150,2025-11-23,22,3,34,22,61,36-59,0,22,64,14-22,50,,,9,58,6,0,0,28,7-25,43,0,11,17,11
401817234,150,2025-11-28,16,1,25,5,49,29-59,0,13,67,14-21,13,,,12,42,6,0,0,35,8-23,37,0,12,12,12
401817234,8,2025-11-28,17,3,19,14,41,26-64,0,18,82,9-11,7,,,10,28,8,1,0,33,10-30,29,0,12,15,12
401817231,282,2025-11-15,14,1,17,9,36,22-61,0,17,60,9-15,10,,,10,26,11,0,0,30,9-30,27,0,18,11,18
401817231,150,2025-11-15,22,13,32,27,54,38-71,0,18,67,14-21,42,,,16,54,13,0,0,36,10-28,48,0,12,26,12
401817235,150,2025-12-06,12,4,34,6,38,21-55,0,18,65,15-23,6,12,48,10,24,5,0,0,31,9-29,44,0,8,4,8
401817235,127,2025-12-06,18,5,30,17,32,21-66,0,15,71,10-14,5,12,42,13,26,5,0,0,36,8-22,43,0,5,10,5
401817237,2641,2025-12-21,9,0,23,10,55,32-58,0,24,65,11-17,9,4,30,7,38,7,1,0,32,7-22,30,0,11,17,11
401817237,150,2025-12-21,15,2,23,9,52,27-52,1,16,59,17-29,17,4,66,6,34,8,1,1,37,10-27,29,1,11,10,11
401817236,288,2025-12-16,14,2,18,21,39,24-61,0,19,90,18-20,10,4,33,3,30,12,0,0,30,7-23,21,0,16,27,16
401817236,150,2025-12-16,21,4,35,24,52,36-69,0,17,77,17-22,29,4,63,20,56,14,0,0,32,8-25,55,0,22,11,22
401813377,315,2025-11-22,11,2,13,4,27,13-48,0,16,60,9-15,0,,,7,12,4,1,0,24,7-29,20,0,17,3,17
401813377,150,2025-11-22,24,5,29,17,58,32-55,0,19,79,19-24,58,,,11,26,10,0,0,52,17-33,40,0,9,23,9
401820689,154,2026-01-24,17,3,16,5,41,22-54,0,20,85,11-13,7,5,31,6,16,7,0,0,44,14-32,22,0,9,14,9
401820689,150,2026-01-24,16,1,27,9,50,31-62,0,14,88,21-24,25,5,65,16,48,8,1,0,28,7-25,43,0,9,9,9
401817252,2428,2025-11-04,9,2,17,11,44,21-48,1,19,68,19-28,0,,,7,26,8,0,0,28,5-18,24,0,18,11,18
401817252,152,2025-11-04,27,1,26,27,58,37-64,0,22,70,21-30,58,,,14,30,13,0,1,47,19-40,40,1,9,26,9
401817254,2430,2025-11-13,7,1,25,12,32,15-47,0,19,63,26-41,3,,,8,8,1,1,0,31,8-26,33,0,16,3,16
401817254,152,2025-11-13,17,4,34,24,56,38-68,0,25,78,18-23,48,,,9,42,9,0,2,50,16-32,43,2,4,22,4
401817253,5,2025-11-08,14,2,18,14,41,29-71,0,17,57,8-14,3,,,17,44,11,1,0,16,4-25,35,0,14,14,14
401817253,152,2025-11-08,19,3,27,13,54,33-61,0,14,82,18-22,31,,,11,44,7,0,1,33,10-30,38,1,14,21,14
401817256,2550,2025-11-24,13,9,30,22,52,29-56,0,19,83,20-24,18,,,7,40,11,2,0,32,7-22,37,0,14,19,14
401817256,152,2025-11-24,14,2,21,7,42,25-59,0,20,73,16-22,2,,,9,26,5,1,0,33,8-24,30,0,13,14,13
401831202,152,2025-11-27,14,1,20,7,53,34-64,0,27,71,20-28,6,,,8,46,3,0,0,47,9-19,28,0,6,5,6
401831202,251,2025-11-27,18,2,25,24,56,29-52,0,21,85,28-33,15,,,6,20,4,0,1,50,16-32,31,1,7,10,7
401820657,2567,2026-01-10,10,2,22,8,57,30-53,0,21,89,8-9,11,1,21,8,28,8,2,0,50,7-14,30,0,21,14,21
401820657,150,2026-01-10,18,1,15,0,49,25-51,0,13,78,21-27,13,1,78,8,24,12,0,0,42,11-26,23,0,13,21,13
401806364,57,2025-12-03,4,2,24,7,37,25-67,0,16,75,9-12,2,,,20,32,7,1,1,25,7-28,44,1,13,11,13
401806364,150,2025-12-03,13,11,22,4,45,25-56,1,14,63,10-16,15,,,11,34,7,0,0,27,7-26,33,0,12,12,12
401831198,152,2025-11-25,15,7,29,20,50,27-54,0,26,78,18-23,13,,,7,26,13,1,0,43,9-21,36,0,10,24,10
401831198,68,2025-11-25,11,2,24,8,34,19-56,0,18,66,21-32,4,,,14,14,2,0,0,33,11-33,38,0,15,14,15
401817255,2670,2025-11-18,17,3,19,14,41,27-66,0,21,67,12-18,1,,,12,28,11,0,0,31,13-42,31,0,12,13,12
401817255,152,2025-11-18,11,3,31,22,46,25-54,0,13,82,27-33,9,,,14,32,5,0,1,38,8-21,45,1,17,11,17
401817258,2335,2025-12-11,14,3,25,8,35,18-51,0,17,30,3-10,0,0,0,6,24,3,1,0,21,6-28,31,0,17,7,17
401817258,152,2025-12-11,17,3,33,8,52,31-60,0,18,68,13-19,42,0,97,9,42,9,0,0,42,10-24,42,0,8,21,8
401817257,2427,2025-12-06,13,1,23,1,37,20-54,0,16,76,13-17,9,5,24,9,14,8,3,0,42,10-24,32,0,14,7,14
401817257,152,2025-12-06,21,4,29,10,48,28-58,0,17,80,12-15,13,5,66,9,40,5,1,0,29,7-24,38,0,12,18,12
401806373,152,2025-12-04,14,2,14,12,41,26-64,0,19,85,11-13,6,4,14,8,28,14,0,0,33,10-30,22,0,9,22,9
401806373,2,2025-12-04,10,9,30,11,59,26-44,0,10,86,19-22,12,4,82,5,26,3,0,0,55,12-22,35,0,20,11,20
401817259,2305,2025-12-13,17,3,36,11,43,30-70,0,12,60,6-10,7,15,45,10,32,4,0,0,37,11-30,46,0,8,6,8
401817259,152,2025-12-13,16,2,33,7,38,28-74,0,14,73,11-15,4,15,35,11,38,7,0,0,26,9-34,44,0,7,7,7
401817260,2640,2025-12-18,14,3,18,12,40,26-65,0,19,75,15-20,0,0,0,15,38,4,1,0,21,5-24,33,0,13,8,13
401817260,152,2025-12-18,21,7,28,24,51,34-67,0,20,85,23-27,43,0,98,17,32,8,1,0,43,17-40,45,0,7,21,7
401820646,258,2026-01-03,14,3,27,6,50,26-52,0,19,73,11-15,27,0,95,9,22,3,1,0,39,13-33,36,0,14,9,14
401820646,152,2026-01-03,7,1,17,13,36,18-50,0,15,80,20-25,0,0,0,7,24,9,0,0,25,5-20,24,0,10,17,10
401820638,154,2025-12-31,13,4,25,10,34,20-59,0,19,69,9-13,5,5,16,10,24,9,1,1,26,8-31,35,1,16,10,16
401820638,152,2025-12-31,16,3,30,9,42,25-59,0,17,82,14-17,19,5,73,10,38,10,0,1,29,6-21,40,1,15,19,15
401820685,152,2026-01-21,13,1,24,6,44,25-57,0,19,88,22-25,11,6,65,6,32,7,2,0,35,8-23,30,0,7,19,7
401820685,228,2026-01-21,9,0,29,1,45,26-58,0,17,63,15-24,5,6,18,9,32,2,0,0,32,9-28,38,0,13,6,13
401817262,2110,2025-11-04,9,1,20,3,31,20-64,0,22,67,6-9,0,,,10,20,8,0,0,28,8-29,30,0,17,15,17
401817262,153,2025-11-04,23,3,33,26,51,33-65,0,14,82,18-22,40,,,12,46,13,0,0,34,10-29,45,0,12,19,12
401817261,145,2025-12-21,9,0,23,12,40,21-53,0,19,67,12-18,3,1,3,7,22,8,1,0,27,8-30,30,0,15,25,15
401817261,152,2025-12-21,20,1,29,5,51,28-55,0,21,54,7-13,28,1,93,7,28,7,0,0,41,13-32,36,0,16,17,16
401817263,2305,2025-11-08,14,3,20,6,45,26-58,0,18,67,10-15,10,,,7,20,6,2,0,48,12-25,27,0,14,19,14
401817263,153,2025-11-08,16,2,23,14,52,34-66,0,15,65,11-17,16,,,16,48,9,0,0,30,8-27,39,0,11,14,11
401817264,2515,2025-11-12,6,3,29,8,34,24-70,0,33,61,19-31,3,,,14,30,7,0,0,23,7-30,43,0,11,12,11
401817264,153,2025-11-12,15,4,37,11,38,25-65,0,22,63,31-49,26,,,18,30,7,0,0,26,8-31,55,0,11,11,11
401817265,2428,2025-11-15,10,2,16,0,24,16-66,0,21,70,14-20,0,,,14,12,6,0,0,27,7-26,30,0,9,5,9
401817265,153,2025-11-15,21,14,39,13,55,30-55,0,15,74,26-35,46,,,12,36,1,0,0,39,11-28,51,0,10,16,10
401820693,152,2026-01-24,12,5,23,13,47,26-55,0,21,81,22-27,10,7,32,8,36,10,0,0,35,7-20,31,0,8,22,8
401820693,221,2026-01-24,11,2,26,19,37,25-68,0,20,44,11-25,9,7,56,26,26,1,1,0,38,11-29,52,0,14,3,14
401817266,2426,2025-11-19,10,5,25,7,30,21-69,0,19,81,13-16,0,,,13,26,8,0,0,29,6-21,38,0,6,8,6
401817266,153,2025-11-19,15,7,36,13,43,24-56,0,16,77,17-22,24,,,9,28,4,0,0,35,8-23,45,0,13,11,13
401817198,179,2025-11-25,13,5,20,11,41,29-70,0,16,63,5-8,3,,,11,36,8,0,0,41,7-17,31,0,9,10,9
401817198,153,2025-11-25,17,1,30,11,51,28-55,0,13,78,21-27,20,,,10,36,5,0,0,44,8-18,40,0,13,14,13
401817268,46,2025-12-07,9,2,25,10,33,24-72,0,17,75,9-12,5,5,15,11,32,6,0,0,17,4-23,36,0,4,8,4
401817268,153,2025-12-07,15,4,38,2,48,29-60,0,15,67,14-21,20,5,83,7,26,2,0,0,32,9-28,45,0,9,6,9
401817270,2193,2025-12-17,11,2,17,0,38,20-52,0,19,69,11-16,2,4,3,6,22,4,1,1,30,7-23,23,1,7,5,7
401817270,153,2025-12-17,18,2,28,4,54,27-50,0,15,65,15-23,27,4,78,7,36,3,0,0,32,8-25,35,0,7,5,7
401806365,153,2025-12-03,13,2,21,6,41,26-64,0,19,60,9-15,3,,,20,34,5,0,0,30,6-20,41,0,12,7,12
401806365,96,2025-12-03,8,7,22,13,43,23-53,0,18,77,17-22,6,,,8,42,8,3,0,8,1-13,30,0,9,13,9
401809307,153,2025-12-20,22,5,27,10,44,28-63,1,19,54,7-13,11,8,80,12,34,4,0,0,30,8-27,39,0,7,7,7
401809307,194,2025-12-20,17,3,26,5,40,25-63,0,16,84,16-19,3,8,13,13,38,5,0,0,20,4-20,39,0,6,10,6
401817269,2908,2025-12-13,12,2,23,4,38,25-66,1,15,67,2-3,3,2,5,11,22,2,0,0,37,10-27,34,0,7,5,7
401817269,153,2025-12-13,20,3,30,10,51,28-55,0,5,64,14-22,20,2,86,7,30,5,0,0,43,10-23,37,0,6,11,6
401817271,151,2025-12-23,8,2,22,0,26,19-73,0,23,65,11-17,2,1,1,20,30,7,1,0,9,2-22,42,0,17,9,17
401817271,153,2025-12-23,20,5,33,17,54,34-63,1,13,63,19-30,50,1,96,15,40,11,0,0,48,12-25,48,0,12,26,12
401817267,127,2025-11-27,14,4,25,11,52,31-60,0,17,78,7-9,16,,,12,46,2,0,0,50,5-10,37,0,10,7,10
401817267,153,2025-11-27,9,2,18,16,38,21-55,0,14,71,12-17,7,,,12,34,5,0,0,17,4-23,30,0,8,7,8
401820661,154,2026-01-10,13,0,17,13,48,31-64,0,22,73,8-11,0,0,0,10,30,9,0,0,40,14-35,27,0,13,17,13
401820661,153,2026-01-10,20,2,22,13,53,29-55,0,13,67,20-30,15,0,97,13,40,10,0,0,35,9-26,35,0,14,16,14
401817527,44,2025-11-04,11,0,24,7,43,25-58,0,18,89,16-18,1,,,9,32,7,0,0,27,8-30,33,0,18,15,18
401817527,154,2025-11-04,20,5,26,16,48,31-65,0,20,79,19-24,17,,,12,46,16,0,0,28,7-25,38,0,11,32,11
401820648,153,2026-01-03,21,1,21,11,48,29-60,0,12,68,13-19,2,10,10,9,28,4,1,0,43,12-28,30,0,10,9,10
401820648,2567,2026-01-03,23,5,23,15,60,36-60,0,17,69,11-16,16,10,83,6,36,4,1,0,52,14-27,29,0,7,13,7
401817528,2413,2025-11-08,9,6,23,14,35,22-63,0,26,82,14-17,7,,,11,28,13,0,0,23,7-31,34,0,19,24,19
401817528,154,2025-11-08,15,6,30,24,40,28-70,0,15,60,18-30,18,,,23,38,11,1,0,29,7-24,53,0,19,20,19
401817530,2349,2025-11-16,13,2,21,4,46,28-61,0,18,72,13-18,2,,,9,38,3,0,0,27,6-22,30,0,15,5,15
401817530,154,2025-11-16,19,4,27,17,56,38-68,0,17,83,20-24,41,,,10,42,14,0,0,43,13-30,37,0,7,25,7
401817531,154,2025-11-21,12,6,23,6,47,31-66,0,19,59,13-22,7,,,10,40,5,0,0,44,8-18,33,0,8,23,8
401817531,2641,2025-11-21,22,2,28,6,41,28-68,0,17,76,16-21,11,,,16,26,7,0,0,34,12-35,44,0,14,12,14
401823638,154,2025-11-22,16,4,21,14,38,23-61,0,15,74,14-19,3,,,15,24,5,0,0,27,9-33,36,0,14,14,14
401823638,235,2025-11-22,12,3,21,9,41,23-56,0,19,61,11-18,13,,,16,24,4,0,0,38,11-29,37,0,17,13,17
401817529,154,2025-11-11,17,3,25,11,35,29-84,0,29,76,16-21,7,,,18,36,9,0,0,29,10-34,43,0,13,16,13
401817529,130,2025-11-11,20,8,37,23,45,28-62,0,18,68,25-37,13,,,13,44,8,0,0,16,4-25,50,0,17,11,17
401820697,153,2026-01-24,17,3,20,21,49,30-61,0,14,68,15-22,7,4,18,8,34,5,0,0,45,10-22,28,0,4,19,4
401820697,258,2026-01-24,14,2,28,10,45,29-64,0,18,70,14-20,16,4,74,16,40,2,1,0,30,8-27,44,0,11,2,11
401806370,201,2025-12-03,17,2,32,4,48,26-54,0,26,74,26-35,23,,,10,30,7,0,1,32,8-25,42,1,12,14,12
401806370,154,2025-12-03,12,4,15,2,34,19-56,0,22,81,22-27,5,,,9,20,5,0,1,27,8-30,24,1,12,5,12
401817533,111,2025-11-28,19,4,16,9,51,26-51,0,15,73,11-15,1,,,6,28,10,0,0,56,10-18,22,0,22,7,22
401817533,154,2025-11-28,14,3,22,14,55,32-58,0,15,75,15-20,15,,,12,40,14,1,0,30,7-23,34,0,17,26,17
401817534,154,2025-12-06,18,4,14,6,51,29-57,0,19,64,7-11,12,5,80,14,36,11,2,0,40,10-25,28,0,11,25,11
401817534,277,2025-12-06,9,3,17,1,40,21-52,0,13,75,18-24,3,5,7,19,30,6,1,0,21,6-28,36,0,18,14,18
401817535,2511,2025-12-14,17,0,13,10,44,25-57,0,20,73,11-15,3,4,1,6,26,5,0,0,32,12-38,19,0,13,11,13
401817535,154,2025-12-14,23,2,26,13,62,36-58,0,16,92,22-24,38,4,94,7,30,10,2,0,52,17-33,33,0,10,24,10
401817532,2097,2025-11-26,9,1,18,2,27,16-59,0,17,58,15-26,0,,,12,20,6,1,0,15,4-26,30,0,14,5,14
401817532,154,2025-11-26,20,2,34,8,55,34-62,0,22,86,19-22,51,,,10,42,7,0,0,41,12-29,44,0,8,20,8
401817536,2344,2025-12-18,16,0,30,7,35,22-62,0,21,76,16-21,4,8,22,11,28,5,0,0,26,8-31,41,0,13,15,13
401817536,154,2025-12-18,9,4,29,6,41,22-54,0,19,73,22-30,10,8,63,6,30,9,0,0,21,5-24,35,0,10,14,10
401820656,2390,2026-01-08,15,1,24,11,50,27-54,0,19,77,23-30,5,15,32,13,42,6,0,0,22,4-18,37,0,13,19,13
401820656,154,2026-01-08,15,6,16,13,52,28-54,0,22,71,10-14,7,15,53,4,20,10,0,0,52,11-21,20,0,12,19,12
401820649,259,2026-01-03,15,2,25,12,47,25-53,0,19,72,18-25,4,4,8,8,24,6,1,1,33,10-30,33,1,19,15,19
401820649,154,2026-01-03,14,1,21,15,45,30-67,0,21,88,14-16,10,4,77,13,40,10,1,2,29,7-24,34,2,11,19,11
401820683,2567,2026-01-21,23,5,29,5,50,32-64,0,17,72,13-18,22,5,89,11,24,8,0,1,50,14-28,40,1,14,14,14
401820683,154,2026-01-21,20,5,20,10,44,28-64,0,17,72,13-18,3,5,6,8,32,9,0,0,33,10-30,28,0,11,16,11
401817477,2169,2025-11-08,7,0,21,6,22,14-65,0,15,82,14-17,0,,,17,20,7,1,0,7,1-14,38,0,15,7,15
401817477,183,2025-11-08,19,12,34,24,58,32-55,0,15,52,11-21,43,,,7,46,10,0,0,38,8-21,41,0,14,25,14
401817476,2066,2025-11-04,7,3,22,3,33,15-45,0,16,73,16-22,0,,,7,28,0,1,0,8,1-13,29,0,22,4,22
401817476,183,2025-11-04,20,5,27,21,53,35-66,0,19,69,11-16,39,,,11,54,11,0,0,19,4-21,38,0,5,24,5
401817479,2405,2025-11-19,12,5,25,9,39,22-57,0,27,80,20-25,4,,,10,22,8,1,1,38,9-24,35,1,12,18,12
401817479,183,2025-11-19,17,8,27,14,50,26-52,0,20,58,19-33,14,,,9,38,4,1,1,41,7-17,36,1,12,15,12
401817537,238,2025-12-21,23,6,23,19,59,35-59,0,23,75,12-16,34,0,99,6,36,14,1,0,50,16-32,29,0,12,24,12
401817537,154,2025-12-21,8,2,21,8,35,19-54,0,17,78,25-32,0,0,0,13,20,7,0,0,19,4-21,34,0,17,9,17
401817481,183,2025-11-24,12,3,29,4,43,27-63,0,21,41,12-29,9,11,26,14,38,6,0,0,26,8-31,43,0,13,14,13
401817481,248,2025-11-24,13,5,32,2,36,24-66,0,23,70,19-27,11,11,64,17,24,9,1,0,41,11-27,49,0,13,21,13
401817482,183,2025-11-25,10,4,18,4,32,20-63,0,16,57,13-23,3,,,11,26,7,0,0,23,7-30,29,0,2,9,2
401817482,2305,2025-11-25,14,4,36,8,44,24-54,0,17,90,18-20,13,,,13,34,2,1,0,31,5-16,49,0,15,0,15
401831216,183,2025-11-26,15,4,19,7,39,22-56,0,14,63,12-19,4,,,12,28,6,1,0,29,8-28,31,0,19,11,19
401831216,66,2025-11-26,18,2,24,22,59,36-61,0,15,67,14-21,35,,,8,52,13,1,0,45,9-20,32,0,9,30,9
401817483,2275,2025-12-13,13,5,19,4,49,26-53,0,15,100,6-6,10,13,42,8,26,6,1,0,67,12-18,27,0,10,16,10
401817483,183,2025-12-13,15,9,19,4,46,26-57,0,11,56,9-16,7,13,49,15,30,5,1,1,35,8-23,34,1,9,13,9
401806366,2633,2025-12-03,16,2,25,0,41,24-58,0,20,53,8-15,2,16,14,13,40,9,0,0,31,4-13,38,0,17,10,17
401806366,183,2025-12-03,7,8,24,9,43,22-51,0,14,59,13-22,9,16,67,9,28,10,0,0,26,5-19,33,0,16,24,16
401817484,2385,2025-12-18,14,4,21,10,40,25-62,0,14,70,7-10,0,0,0,11,32,11,2,0,28,5-18,32,0,15,23,15
401817484,183,2025-12-18,12,8,26,18,49,30-61,0,13,75,12-16,19,0,99,13,46,6,0,0,24,4-17,39,0,16,18,16
401817478,2182,2025-11-15,10,2,21,3,32,19-59,0,13,60,6-10,4,,,18,20,3,2,0,26,6-23,39,0,18,4,18
401817478,183,2025-11-15,14,6,24,16,49,31-63,0,12,73,11-15,33,,,12,44,9,1,0,37,7-19,36,0,7,20,7
401817486,284,2025-12-23,9,1,26,9,26,14-53,0,25,65,11-17,0,0,0,14,8,3,3,0,36,9-25,40,0,15,3,15
401817486,183,2025-12-23,11,12,29,10,48,27-56,0,15,48,14-29,31,0,98,13,36,6,0,0,43,9-21,42,0,5,27,5
401817480,2603,2025-12-12,10,4,30,16,36,20-56,0,22,67,18-27,7,1,24,14,30,7,1,0,19,5-26,44,0,14,10,14
401817480,183,2025-12-12,9,7,28,11,47,25-53,0,17,54,15-28,10,1,69,6,36,7,0,0,43,6-14,34,0,10,12,10
401820640,228,2025-12-31,9,2,24,6,48,27-56,0,18,50,6-12,10,11,86,7,46,10,4,0,25,4-16,31,0,12,13,12
401820640,183,2025-12-31,8,6,25,13,40,18-45,0,14,83,20-24,1,11,12,5,24,3,1,0,33,5-15,30,0,15,13,15
401817485,111,2025-12-20,19,4,16,21,48,31-65,0,31,65,13-20,5,6,11,17,40,6,3,0,35,8-23,33,0,13,11,13
401817485,183,2025-12-20,8,7,20,19,51,27-53,0,17,71,34-48,15,6,81,18,36,4,0,0,25,3-12,38,0,11,15,11
401820688,259,2026-01-22,10,3,26,25,45,23-51,0,15,72,26-36,9,12,25,8,36,9,0,0,24,4-17,34,0,10,16,10
401820688,183,2026-01-22,13,3,25,15,43,26-61,0,28,86,12-14,10,12,69,11,32,6,0,0,43,10-23,36,0,14,8,14
401820663,183,2026-01-10,17,1,22,12,56,29-52,0,14,83,15-18,18,1,96,6,32,7,1,0,45,10-22,28,0,11,22,11
401820663,221,2026-01-10,13,3,16,7,44,28-64,0,15,100,11-11,2,1,3,14,40,7,0,0,19,5-26,30,0,12,15,12
401817441,2754,2025-11-04,7,6,16,6,39,22-56,0,21,56,5-9,8,,,8,24,5,1,0,30,10-33,24,0,12,15,12
401817441,221,2025-11-04,11,3,29,13,43,23-53,0,14,81,22-27,17,,,17,30,9,2,0,35,6-17,46,0,18,20,18
401817442,2344,2025-11-08,10,1,23,9,32,22-69,0,28,86,12-14,2,,,12,34,10,0,0,20,4-20,35,0,7,11,7
401817442,221,2025-11-08,16,6,37,9,42,21-50,0,17,69,24-35,18,,,11,16,2,0,0,40,12-30,48,0,14,7,14
401820696,2390,2026-01-24,20,4,29,16,61,33-54,0,13,80,12-15,13,0,96,8,52,4,1,0,54,7-13,37,0,16,4,16
401820696,183,2026-01-24,13,3,16,16,49,30-61,0,14,67,10-15,0,0,0,5,42,11,0,0,29,6-21,21,0,6,17,6
401817445,221,2025-11-21,9,5,16,0,39,21-54,0,16,86,18-21,5,,,12,28,4,0,0,26,7-27,28,0,12,14,12
401817445,2116,2025-11-21,13,0,21,10,52,32-61,0,15,58,7-12,15,,,16,46,4,0,0,33,6-18,37,0,11,15,11
401817444,221,2025-11-13,12,5,25,9,38,20-53,0,16,67,4-6,7,,,6,20,4,1,2,25,5-20,31,2,12,8,12
401817444,277,2025-11-13,13,5,26,10,43,24-56,0,11,76,16-21,24,,,8,32,6,0,0,29,7-24,34,0,6,21,6
401809077,2083,2025-11-18,11,3,19,4,28,13-47,0,14,78,18-23,2,,,10,14,6,1,0,29,6-21,29,0,16,13,16
401809077,221,2025-11-18,20,2,27,10,51,31-61,0,22,64,9-14,40,,,15,26,10,0,0,52,13-25,42,0,13,25,13
401817446,2514,2025-11-23,16,3,21,6,57,28-49,0,14,67,16-24,13,,,7,22,9,1,0,65,11-17,28,0,15,22,15
401817446,221,2025-11-23,11,4,16,10,44,27-61,0,17,60,12-20,5,,,17,36,11,0,0,32,9-28,33,0,15,20,15
401806367,245,2025-12-03,16,3,22,15,44,26-59,0,13,91,20-22,12,,,14,32,8,0,1,39,9-23,36,1,9,17,9
401806367,221,2025-12-03,13,4,20,6,48,29-61,0,14,64,7-11,4,,,12,34,6,0,0,31,8-26,32,0,11,15,11
401817443,2199,2025-11-11,10,4,26,14,37,22-59,0,19,86,18-21,4,,,10,28,4,1,0,29,4-14,36,0,10,11,10
401817443,221,2025-11-11,14,6,29,11,50,30-60,0,19,52,12-23,18,,,9,44,6,1,0,33,6-18,38,0,8,12,8
401817448,2275,2025-12-07,17,1,18,4,53,29-55,0,14,78,14-18,17,1,86,8,38,3,1,0,40,8-20,26,0,7,12,7
401817448,221,2025-12-07,14,2,18,6,46,22-48,0,16,86,19-22,2,1,4,8,16,2,1,0,43,10-23,26,0,10,8,10
401817447,194,2025-11-29,8,4,29,2,43,23-54,0,17,87,13-15,5,4,19,9,30,3,1,0,29,7-24,38,0,13,5,13
401817447,221,2025-11-29,6,3,23,11,38,26-69,0,17,63,10-16,12,4,73,16,38,9,0,0,23,5-22,39,0,5,17,5
401817449,221,2025-12-13,12,1,20,7,42,24-57,0,19,67,8-12,4,10,14,16,28,2,0,0,23,5-22,36,0,12,6,12
401817449,222,2025-12-13,20,2,20,11,52,26-50,0,14,75,18-24,19,10,81,7,32,4,0,0,41,9-22,27,0,3,16,3
401817451,221,2025-12-21,15,3,32,9,50,30-60,0,15,57,8-14,34,0,99,10,26,7,2,0,50,12-24,42,0,9,12,9
401817451,213,2025-12-21,7,4,23,11,33,18-55,0,15,67,6-9,0,0,0,7,20,5,0,0,17,4-23,30,0,12,6,12
401817450,2066,2025-12-18,9,2,21,11,44,18-41,0,18,78,21-27,0,0,0,5,16,7,1,0,60,6-10,26,0,22,11,22
401817450,221,2025-12-18,20,5,21,16,62,36-58,0,22,63,15-24,40,0,98,8,38,14,0,0,59,16-27,29,0,11,33,11
401812916,160,2025-11-04,7,1,22,2,25,15-60,1,28,44,4-9,0,,,8,20,4,5,0,15,4-27,30,0,13,2,13
401812916,228,2025-11-04,13,4,38,4,51,26-51,0,15,73,30-41,52,,,7,38,2,0,0,32,6-19,45,0,6,20,6
401820647,228,2026-01-03,11,2,24,8,53,24-45,0,21,72,18-25,7,14,65,4,30,5,0,1,33,7-21,28,1,14,9,14
401820647,221,2026-01-03,9,0,21,6,44,23-52,0,21,73,16-22,4,14,21,6,28,10,1,0,35,6-17,27,0,11,12,11
401820637,221,2025-12-31,13,1,20,4,45,27-60,0,17,53,9-17,13,11,51,8,36,6,0,0,24,6-25,28,0,7,13,7
401820637,2390,2025-12-31,6,2,28,13,45,26-58,0,13,77,20-26,10,11,42,15,42,5,0,0,18,4-22,43,0,10,13,10
401812918,2413,2025-11-12,7,3,22,2,34,21-62,0,19,73,8-11,0,,,19,22,3,0,0,24,6-25,41,0,11,6,11
401812918,228,2025-11-12,19,2,25,10,47,29-62,0,16,78,14-18,30,,,15,32,6,0,0,37,11-30,40,0,5,12,5
401812920,2453,2025-11-18,11,4,16,4,37,22-60,0,14,67,10-15,3,,,13,28,10,1,0,25,7-28,29,0,8,15,8
401812920,228,2025-11-18,18,6,26,7,44,27-61,0,12,80,16-20,23,,,19,32,5,1,0,31,11-35,45,0,12,8,12
401812917,2241,2025-11-08,8,1,22,9,38,18-47,0,18,65,17-26,0,,,6,22,2,1,0,30,6-20,28,0,16,5,16
401812917,228,2025-11-08,25,3,28,11,48,37-77,0,16,65,13-20,38,,,19,52,9,0,1,28,10-36,47,1,3,22,3
401809308,277,2025-11-21,9,3,24,16,40,23-57,0,17,63,12-19,11,,,9,22,8,1,0,39,9-23,33,0,8,19,8
401809308,228,2025-11-21,12,4,30,8,46,24-52,0,15,79,15-19,6,,,6,32,5,1,0,32,7-22,36,0,12,12,12
401806376,228,2025-12-04,12,3,25,12,41,29-71,0,21,79,22-28,2,7,3,18,50,6,1,0,21,4-19,43,0,7,4,7
401806376,333,2025-12-04,13,12,26,7,47,28-60,0,19,71,22-31,19,7,92,13,32,3,1,0,35,12-34,39,0,9,8,9
401827173,2010,2025-11-29,5,1,20,4,37,20-54,0,26,71,12-17,0,,,3,22,4,1,0,18,4-22,23,0,11,9,11
401827173,228,2025-11-29,18,1,34,18,55,30-55,0,17,75,24-32,38,,,10,42,5,0,0,35,8-23,44,0,11,20,11
401812919,228,2025-11-15,14,3,25,13,41,25-61,0,22,70,14-20,7,,,11,26,4,0,0,34,10-29,36,0,10,10,10
401812919,46,2025-11-15,16,3,29,18,45,24-53,0,17,78,25-32,10,,,6,28,8,0,0,35,6-17,35,0,8,9,8
401812925,2579,2025-12-17,10,1,24,3,37,19-51,0,26,83,19-23,7,1,16,9,26,7,0,0,15,4-26,33,0,14,6,14
401812925,228,2025-12-17,10,1,25,8,47,22-47,0,18,61,19-31,13,1,81,4,28,9,0,0,36,5-14,29,0,8,16,8
401812926,2132,2025-12-21,9,4,26,9,38,22-58,0,13,73,11-15,0,0,0,10,20,5,0,0,40,10-25,36,0,12,14,12
401812926,228,2025-12-21,15,1,25,6,48,24-50,0,12,71,10-14,27,0,97,2,24,6,0,0,50,10-20,27,0,12,13,12
401831230,228,2025-11-23,12,0,30,5,46,32-69,1,23,76,22-29,10,,,15,38,8,3,0,44,11-25,45,0,13,20,13
401831230,61,2025-11-23,14,5,27,14,48,32-66,1,25,81,21-26,10,,,8,42,8,1,0,30,9-30,35,0,15,14,15
401812924,2382,2025-12-13,10,4,23,5,48,26-54,0,15,50,5-10,9,6,52,3,28,5,0,0,27,6-22,26,0,9,7,9
401812924,228,2025-12-13,9,1,28,8,46,25-54,0,13,75,12-16,8,6,40,8,34,7,0,0,31,8-26,36,0,9,12,9
401820652,2567,2026-01-08,10,2,25,4,37,19-51,0,23,90,26-29,0,0,0,12,22,5,1,0,35,6-17,37,0,13,10,13
401820652,228,2026-01-08,13,1,22,8,43,24-56,0,20,71,17-24,15,0,97,11,30,6,1,0,29,9-31,33,0,9,10,9
401812923,228,2025-12-09,15,5,21,7,36,21-58,0,14,87,13-15,22,4,61,17,22,7,1,0,31,9-29,38,0,12,14,12
401812923,252,2025-12-09,12,7,20,11,40,25-62,0,12,86,12-14,6,4,20,16,34,8,0,0,22,5-23,36,0,9,10,9
401817487,2428,2025-11-08,13,1,18,11,32,19-60,0,19,82,18-22,0,,,16,22,8,0,0,43,6-14,34,0,9,12,9
401817487,258,2025-11-08,22,11,28,18,46,28-61,0,19,58,11-19,31,,,20,28,4,1,0,39,14-36,48,0,12,18,12
401817488,2261,2025-11-12,9,4,14,9,32,20-63,0,19,64,7-11,0,,,11,24,9,1,0,23,6-26,25,0,11,7,11
401817488,258,2025-11-12,22,9,34,9,55,33-60,0,14,82,14-17,44,,,15,44,8,0,0,50,11-22,49,0,13,20,13
401817490,77,2025-11-21,14,1,19,14,47,27-58,0,29,71,17-24,7,,,6,34,7,0,0,44,7-16,25,0,7,16,7
401817490,258,2025-11-21,8,4,28,17,38,24-64,0,22,83,30-36,8,,,21,30,4,0,0,21,5-24,49,0,11,9,11
401817489,276,2025-11-15,14,3,24,17,43,26-60,0,28,79,19-24,0,,,11,20,6,0,0,29,7-24,35,0,15,13,15
401817489,258,2025-11-15,18,4,25,19,52,33-63,0,20,72,26-36,32,,,13,38,9,0,0,43,12-28,38,0,9,25,9
401817491,2086,2025-11-23,11,3,29,16,48,27-56,0,19,69,20-29,11,,,14,36,7,3,0,40,6-15,43,0,13,13,13
401817491,258,2025-11-23,6,11,21,16,41,29-71,0,21,47,7-15,1,,,18,42,6,1,0,30,8-27,39,0,9,16,9
401820676,2390,2026-01-17,9,2,23,5,39,21-54,0,15,79,11-14,0,0,0,11,28,5,0,0,25,6-24,34,0,16,10,16
401820676,228,2026-01-17,13,2,24,6,53,27-51,0,13,70,7-10,17,0,97,4,34,12,1,0,47,8-17,28,0,12,14,12
401817492,2511,2025-11-28,12,0,17,5,38,24-63,0,21,67,12-18,0,,,18,28,6,0,0,31,9-29,35,0,11,14,11
401817492,258,2025-11-28,24,8,27,12,53,32-60,0,17,68,15-22,33,,,14,30,7,0,0,45,15-33,41,0,8,12,8
401806379,258,2025-12-04,18,4,27,6,54,28-52,0,20,69,20-29,28,5,91,7,30,5,1,0,50,12-24,34,0,7,8,7
401806379,251,2025-12-04,7,1,22,6,41,24-59,0,19,68,17-25,4,5,8,13,34,4,0,0,21,4-19,35,0,7,14,7
401812625,2520,2025-11-04,7,2,19,7,33,16-49,0,24,62,18-29,0,,,13,16,3,1,0,25,3-12,32,0,14,6,14
401812625,258,2025-11-04,14,9,27,11,47,30-64,0,24,56,19-34,39,,,22,42,8,0,0,27,8-30,49,0,6,22,6
401817514,120,2025-12-20,12,4,24,11,41,22-54,0,18,73,16-22,8,6,18,17,12,2,3,0,41,12-29,41,0,19,12,19
401817514,258,2025-12-20,18,5,18,17,45,30-66,0,21,62,13-21,16,6,66,16,44,15,1,0,35,7-20,34,0,8,22,8
401817515,44,2025-12-22,11,1,13,0,32,19-60,0,12,83,5-6,0,0,0,10,16,7,1,0,23,8-35,23,0,10,3,10
401817515,258,2025-12-22,25,2,31,7,62,38-61,0,12,56,10-18,44,0,97,14,56,7,0,0,39,9-23,45,0,9,18,9
401820641,258,2025-12-31,15,7,37,5,36,32-89,0,27,73,11-15,4,21,22,17,44,9,1,0,22,10-45,54,0,17,11,17
401820641,259,2025-12-31,12,5,40,7,35,29-82,0,16,68,28-41,10,21,58,20,34,7,0,0,32,9-28,60,0,14,15,14
401817517,2127,2025-11-04,19,1,26,2,32,23-71,0,23,67,10-15,5,,,15,22,5,1,0,35,11-31,41,0,15,7,15
401817517,259,2025-11-04,19,6,36,9,46,35-76,0,16,70,19-27,36,,,18,42,6,0,0,32,9-28,54,0,7,21,7
401817518,2507,2025-11-08,10,6,31,9,45,34-76,0,19,88,22-25,8,,,12,42,8,1,0,33,11-33,43,0,14,12,14
401817518,259,2025-11-08,16,7,30,10,51,40-79,0,22,68,15-22,8,,,12,48,10,0,0,43,12-28,42,0,11,20,11
401813441,2168,2025-12-06,11,2,16,11,39,25-64,0,21,73,16-22,5,3,23,9,32,11,0,1,30,7-23,25,1,9,22,9
401813441,258,2025-12-06,21,4,35,18,60,27-45,0,20,74,20-27,21,3,70,6,26,6,0,0,60,12-20,41,0,21,9,21
401817519,2603,2025-11-13,11,5,25,0,37,25-67,0,12,80,4-5,1,,,14,30,2,0,0,18,5-28,39,0,19,4,19
401817519,259,2025-11-13,23,5,28,21,52,38-73,0,9,58,7-12,40,,,12,50,12,1,0,41,11-27,40,0,7,25,7
401817520,2429,2025-11-16,10,5,25,3,43,27-63,0,25,63,15-24,0,,,17,30,1,0,0,30,7-23,42,0,8,7,8
401817520,259,2025-11-16,16,5,23,6,37,22-60,0,21,83,30-36,17,,,16,24,4,1,0,34,10-29,39,0,6,15,6
401817521,2803,2025-11-20,13,4,20,2,42,22-52,0,20,75,12-16,4,,,4,30,3,0,1,19,5-27,24,1,14,5,14
401817521,259,2025-11-20,14,1,27,13,52,30-58,0,17,58,14-24,19,,,11,46,6,0,0,25,4-16,38,0,10,17,10
401817522,259,2025-11-26,10,3,23,10,45,23-51,0,12,81,13-16,12,,,5,28,5,0,0,32,7-22,28,0,8,13,8
401817522,36,2025-11-26,16,0,24,4,46,27-59,0,14,75,6-8,5,,,11,44,5,0,0,21,4-19,35,0,11,11,11
401817513,2379,2025-12-10,11,3,23,12,46,25-54,0,12,88,7-8,0,0,0,6,36,6,2,0,25,3-12,29,0,15,11,15
401817513,258,2025-12-10,16,7,23,14,48,30-62,0,12,73,11-15,29,0,97,9,32,11,0,0,42,13-31,32,0,7,17,7
401820680,258,2026-01-17,18,3,24,6,42,25-60,0,15,83,10-12,7,13,54,16,24,5,0,0,39,12-31,40,0,11,5,11
401820680,2567,2026-01-17,12,5,20,3,43,26-61,0,14,79,11-14,7,13,41,12,32,5,1,0,38,5-13,32,0,8,14,8
401830878,259,2025-11-28,14,4,20,10,44,24-54,0,20,57,13-23,2,,,8,30,10,0,2,44,7-16,28,2,13,16,13
401830878,2670,2025-11-28,13,3,26,6,53,30-57,0,16,68,15-22,20,,,10,32,8,0,1,52,11-21,36,1,14,20,14
401830753,2608,2025-11-27,12,6,28,6,52,28-54,0,18,79,15-19,13,,,11,38,4,1,1,35,6-17,39,1,15,10,15
401830753,259,2025-11-27,11,1,16,7,31,21-68,0,20,85,17-20,0,,,18,22,9,0,1,23,7-30,34,1,9,19,9
401817523,2244,2025-12-06,13,1,23,4,40,22-55,0,11,79,11-14,2,2,6,13,26,3,0,0,33,7-21,36,0,16,12,16
401817523,259,2025-12-06,16,4,19,10,47,27-57,0,13,77,10-13,23,2,91,8,30,8,0,0,36,9-25,27,0,9,21,9
401806372,259,2025-12-03,18,2,31,10,50,33-66,0,24,67,14-21,10,9,78,6,54,3,0,0,30,6-20,37,0,9,6,9
401806372,2579,2025-12-03,11,3,23,7,45,27-60,0,17,75,21-28,3,9,8,5,30,4,0,0,28,8-29,28,0,8,11,8
401817525,2379,2025-12-14,11,2,23,2,37,21-57,0,12,58,7-12,2,2,4,13,24,4,0,1,15,4-27,36,1,14,6,14
401817525,259,2025-12-14,24,2,27,8,54,31-57,0,16,69,9-13,31,2,84,5,40,10,1,1,46,11-24,32,1,8,15,8
401820671,259,2026-01-15,15,2,24,12,46,28-61,0,16,61,11-18,8,10,51,12,32,9,0,0,32,9-28,36,0,10,13,10
401820671,2567,2026-01-15,14,5,27,4,48,29-60,0,15,70,16-23,9,10,43,11,34,5,1,0,20,3-15,38,0,11,14,11
401817524,2717,2025-12-12,12,1,19,0,42,24-57,0,20,60,18-30,0,0,0,15,26,7,0,1,40,8-20,34,1,14,11,14
401817524,259,2025-12-12,15,8,25,6,53,34-64,0,22,65,15-23,25,0,98,11,36,8,0,0,48,13-27,36,0,11,9,11
401809414,2065,2025-11-07,10,4,20,4,32,21-66,0,18,68,13-19,4508,,,15,26,3,1,1,21,6-28,35,1,12,4,12
401809414,2390,2025-11-07,25,7,34,12,59,39-66,0,20,68,15-22,42,,,10,58,8,0,1,47,8-17,44,1,6,18,6
401817526,2210,2025-12-20,14,4,19,4,47,31-66,0,29,82,9-11,19,9,84,16,42,4,0,0,33,10-30,35,0,15,17,15
401817526,259,2025-12-20,13,5,18,4,48,29-60,0,17,69,20-29,3,9,10,18,40,7,1,0,31,4-13,36,0,13,16,13
401809415,56,2025-11-11,11,5,23,8,33,19-57,0,17,58,15-26,6,,,8,20,8,3,0,28,8-29,31,0,17,8,17
401809415,2390,2025-11-11,28,1,34,18,56,37-66,0,19,69,18-26,46,,,11,54,11,0,0,35,8-23,45,0,12,21,12
401809416,2390,2025-11-17,13,5,25,12,34,24-71,0,25,56,15-27,2,,,17,36,8,0,0,29,5-17,42,0,10,17,10
401809416,57,2025-11-17,15,6,36,11,44,27-61,0,23,66,19-29,19,,,14,36,5,0,0,32,9-28,50,0,16,16,16
401809413,294,2025-11-04,11,2,15,11,47,27-58,0,27,50,7-14,4,,,5,30,8,2,0,30,8-27,20,0,14,23,14
401809413,2390,2025-11-04,18,3,27,11,55,27-49,0,15,78,29-37,21,,,8,44,7,0,0,21,3-14,35,0,15,16,15
401830887,2390,2025-11-29,14,2,25,11,59,30-51,0,19,75,12-16,24,,,8,32,8,0,0,60,6-10,33,0,15,18,15
401830887,46,2025-11-29,15,1,14,14,36,21-59,0,14,67,16-24,0,,,17,22,9,1,0,27,7-26,31,0,11,24,11
401809419,252,2025-11-27,12,8,33,11,45,25-55,0,16,65,13-20,14,,,9,24,7,1,0,47,9-19,42,0,13,15,13
401809419,2390,2025-11-27,10,4,24,7,38,25-66,1,17,41,7-17,6,,,15,34,6,0,0,23,5-22,39,0,10,14,10
401809417,2210,2025-11-21,15,3,17,4,51,26-51,0,15,56,10-18,0,,,5,28,3,0,0,48,10-21,22,0,18,7,18
401809417,2390,2025-11-21,18,2,23,17,54,37-68,0,15,70,16-23,27,,,15,54,14,1,0,38,9-24,38,0,10,25,10
401806371,2390,2025-12-03,15,5,30,11,49,27-55,0,10,67,10-15,19,,,15,28,7,1,0,44,11-25,45,0,19,9,19
401806371,145,2025-12-03,16,10,15,5,35,23-66,0,18,82,9-11,2,,,14,18,10,0,0,42,11-26,29,0,11,19,11
401809418,2169,2025-11-23,8,0,18,9,26,14-54,0,16,53,9-17,0,,,11,12,10,1,0,22,4-18,29,0,19,7,19
401809418,2390,2025-11-23,28,3,33,14,61,38-62,0,14,58,11-19,59,,,11,52,10,0,0,43,10-23,44,0,11,35,11
401809421,2433,2025-12-13,15,5,17,2,44,28-63,0,14,57,8-14,0,0,0,9,22,2,0,0,47,15-32,26,0,10,9,10
401809421,2390,2025-12-13,28,2,30,19,60,42-70,0,16,53,9-17,25,0,99,15,62,7,0,0,44,11-25,45,0,8,12,8
401809420,2572,2025-12-06,16,5,20,9,44,24-55,0,21,68,13-19,8,3,39,12,32,7,0,0,23,3-13,32,0,20,17,20
401809420,2390,2025-12-06,20,7,21,8,47,32-68,0,18,71,17-24,27,3,47,18,46,9,2,0,35,7-20,39,0,14,24,14
401809422,2229,2025-12-17,16,6,19,12,48,30-63,0,26,67,14-21,5,6,10,12,42,7,2,1,32,7-22,31,1,14,19,14
401809422,2390,2025-12-17,22,5,22,16,54,35-65,0,19,71,22-31,17,6,77,15,54,7,1,1,26,6-23,37,1,12,20,12
401809423,2454,2025-12-21,9,0,16,5,38,21-56,0,20,88,14-16,3,3,3,8,18,6,0,0,35,11-31,24,0,20,16,20
401809423,2390,2025-12-21,20,3,28,27,57,38-67,0,12,69,20-29,40,3,92,16,54,13,0,0,36,9-25,44,0,10,36,10
401817452,2627,2025-11-04,12,1,20,13,39,20-51,0,30,83,29-35,2,,,10,22,5,2,0,39,7-18,30,0,15,13,15
401817452,2567,2025-11-04,13,3,23,11,56,28-50,0,24,79,33-42,20,,,8,30,6,1,0,39,7-18,31,0,11,16,11
401817455,2086,2025-11-15,24,1,18,14,46,29-63,0,15,61,14-23,9,,,16,30,9,1,1,45,13-29,34,1,17,21,17
401817455,2567,2025-11-15,18,3,21,25,56,36-64,0,18,73,11-15,10,,,13,62,12,1,1,31,4-13,34,1,16,19,16
401817456,2029,2025-11-19,15,3,19,9,34,23-67,0,20,56,10-18,1,,,13,34,7,0,1,15,4-26,32,1,17,9,17
401817456,2567,2025-11-19,27,6,37,12,57,37-65,0,13,77,20-26,53,,,8,44,10,0,1,44,12-27,45,1,12,20,12
401817454,93,2025-11-12,18,3,23,7,52,32-62,1,25,75,18-24,2,,,8,38,5,0,1,35,9-26,31,1,15,17,15
401817454,2567,2025-11-12,16,3,25,20,47,35-74,0,19,83,25-30,18,,,17,42,10,0,1,44,7-16,42,1,11,21,11
401817453,357,2025-11-07,13,5,29,9,29,19-66,0,22,67,12-18,8,,,16,22,3,0,0,28,8-29,45,0,11,7,11
401817453,2567,2025-11-07,16,5,36,14,36,21-59,0,14,82,23-28,11,,,13,28,4,0,0,25,4-16,49,0,9,12,9
401817458,2515,2025-11-25,12,4,24,7,33,23-69,0,22,83,15-18,0,,,10,20,12,1,1,28,11-39,34,1,11,19,11
401817458,2567,2025-11-25,17,6,37,15,46,27-59,0,16,78,25-32,23,,,13,32,6,1,1,38,10-26,50,1,16,16,16
401817459,2567,2025-11-29,16,4,36,11,44,32-72,0,16,65,15-23,6,,,14,34,3,0,0,30,8-27,50,0,11,9,11
401817459,344,2025-11-29,11,2,31,16,39,27-70,0,23,76,19-25,9,,,9,36,9,0,0,29,8-28,40,0,7,10,7
401817462,2110,2025-12-21,19,1,13,2,48,29-61,0,16,71,12-17,0,0,0,12,26,8,0,1,46,12-26,25,1,15,26,15
401817462,2567,2025-12-21,26,5,23,14,59,40-68,0,15,80,8-10,20,0,98,16,56,9,0,1,33,11-33,39,1,12,29,12
401817461,2567,2025-12-14,10,1,13,8,49,30-61,0,15,59,10-17,4,8,8,16,38,6,0,0,37,7-19,29,0,10,19,10
401817461,99,2025-12-14,17,4,21,11,62,36-58,0,18,83,10-12,17,8,86,10,50,7,1,0,47,7-15,31,0,12,11,12
401817460,245,2025-12-07,21,3,26,15,35,25-71,0,24,65,22-34,8,3,14,16,24,6,0,0,24,8-34,42,0,16,10,16
401817460,2567,2025-12-07,17,4,29,24,47,31-66,0,26,93,26-28,15,3,73,8,36,9,1,0,23,5-22,37,0,11,17,11
401817457,2032,2025-11-22,6,2,27,2,41,26-63,0,16,69,11-16,4,,,21,36,4,0,0,21,6-29,48,0,32,6,32
401817457,2567,2025-11-22,29,4,18,34,55,41-75,0,15,63,10-16,31,,,12,50,26,0,0,35,8-23,30,0,8,51,8
401817463,2239,2025-12-28,14,4,20,2,32,20-62,0,13,68,15-22,0,0,0,16,14,7,0,0,25,8-32,36,0,19,8,19
401817463,2567,2025-12-28,30,7,29,20,53,41-77,0,17,74,14-19,49,0,99,20,46,10,0,0,45,14-31,49,0,11,29,11
401806375,2567,2025-12-04,12,0,22,7,42,25-60,0,14,74,17-23,4,1,4,16,38,2,1,0,12,2-17,38,0,13,8,13
401806375,238,2025-12-04,20,8,24,18,57,36-63,0,21,83,10-12,21,1,93,6,54,7,1,0,25,6-24,30,0,5,19,5
